nome_do_conteudo,tipo,area_do_conhecimento,nivel,descricao
Liderança Ágil na Era Digital,curso,lideranca,avancado,"Curso completo sobre como liderar equipes no contexto digital, abordando metodologias ágeis e gestão de mudanças."
Fundamentos de Gestão de Projetos,pdf,gestao,iniciante,"Material introdutório sobre os conceitos fundamentais de gestão de projetos, cronogramas e recursos."
Design Thinking para Inovação,video,inovacao,intermediario,Videoaula prática sobre aplicação do Design Thinking na resolução de problemas empresariais.
Comunicação Assertiva para Líderes,artigo,lideranca,intermediario,"Artigo sobre técnicas de comunicação efetiva para líderes, incluindo feedback e gestão de conflitos."
Transformação Digital nas Organizações,curso,inovacao,avancado,"Curso intensivo sobre transformação digital, novas tecnologias e seu impacto nos negócios."
Gestão de Equipes Remotas,video,gestao,intermediario,Videoaula com melhores práticas para gestão de times distribuídos e trabalho remoto.
Mindset Inovador,pdf,inovacao,iniciante,Guia prático sobre como desenvolver uma mentalidade voltada à inovação no ambiente corporativo.
Metodologias Ágeis na Prática,curso,gestao,avancado,"Curso aprofundado sobre implementação de Scrum, Kanban e outras metodologias ágeis."
Inteligência Emocional na Liderança,artigo,lideranca,iniciante,Artigo sobre o papel da inteligência emocional na liderança moderna e desenvolvimento de equipes.
Cultura de Inovação nas Empresas,video,inovacao,intermediario,Apresentação sobre como criar e manter uma cultura organizacional focada em inovação.
Gestão do Conhecimento Organizacional,pdf,gestao,intermediario,Manual completo sobre implementação de sistemas de gestão do conhecimento nas organizações.
Liderança em Tempos de Crise,curso,lideranca,avancado,Treinamento avançado em técnicas de liderança para momentos de incerteza e mudança.
Inovação Disruptiva na Prática,video,inovacao,avancado,Videoaula sobre casos reais de inovação disruptiva e suas aplicações práticas.
Desenvolvimento de Times de Alta Performance,artigo,lideranca,intermediario,Artigo detalhado sobre formação e desenvolvimento de equipes de alto desempenho.
Estratégias de Inovação Corporativa,curso,inovacao,avancado,Curso especializado em estratégias para fomentar inovação em ambientes corporativos.
Gestão da Mudança Organizacional,pdf,gestao,iniciante,Guia básico para gestores conduzirem processos de mudança organizacional.
Liderança Inclusiva e Diversidade,video,lideranca,intermediario,Videoaula sobre práticas de liderança inclusiva e gestão da diversidade nas organizações.
Design Sprint para Inovação Rápida,curso,inovacao,avancado,Curso prático de metodologia Design Sprint para acelerar processos de inovação.
Gestão Estratégica de Pessoas,artigo,gestao,intermediario,Artigo sobre tendências e melhores práticas em gestão estratégica de recursos humanos.
Mentoria e Coaching na Liderança,video,lideranca,iniciante,Vídeo tutorial sobre técnicas de mentoria e coaching para desenvolvimento de liderados.
